<?xml version="1.0" encoding="UTF-8"?>
<project-private xmlns="http://www.netbeans.org/ns/project-private/1">
    <editor-bookmarks xmlns="http://www.netbeans.org/ns/editor-bookmarks/2" lastBookmarkId="0"/>
    <open-files xmlns="http://www.netbeans.org/ns/projectui-open-files/2">
        <group>
            <file>file:/D:/Annu%20TIRM/Annu/Web%20Examples/MyWeb/web/MyJSP.jsp</file>
            <file>file:/D:/Annu%20TIRM/Annu/Web%20Examples/MyWeb/src/java/pack1/InputPage.java</file>
            <file>file:/D:/Annu%20TIRM/Annu/Web%20Examples/MyWeb/src/java/pack1/MyServlet.java</file>
        </group>
    </open-files>
</project-private>
