<?xml version="1.0" encoding="UTF-8"?>
<project-private xmlns="http://www.netbeans.org/ns/project-private/1">
    <editor-bookmarks xmlns="http://www.netbeans.org/ns/editor-bookmarks/2" lastBookmarkId="0"/>
    <open-files xmlns="http://www.netbeans.org/ns/projectui-open-files/2">
        <group>
            <file>file:/D:/Annu%20Trim/PGP%20Java%20S160967/InheritanceExample/src/pack1/CountryBook.java</file>
            <file>file:/D:/Annu%20Trim/PGP%20Java%20S160967/InheritanceExample/src/pack1/Books.java</file>
            <file>file:/D:/Annu%20Trim/PGP%20Java%20S160967/InheritanceExample/src/pack1/PaperBook.java</file>
            <file>file:/D:/Annu%20Trim/PGP%20Java%20S160967/InheritanceExample/src/pack1/RegionalBook.java</file>
            <file>file:/D:/Annu%20Trim/PGP%20Java%20S160967/InheritanceExample/src/inheritanceexample/InheritanceExample.java</file>
        </group>
    </open-files>
</project-private>
